epoch,train_acc,test_acc
0,0.33752,0.4501
1,0.51388,0.5765
